country,month,trends,twitter,news,overall,fullname
ZM,2018-2,,13.1946455392,19.0635451505,16.1290953448,Zambia
ZM,2018-1,,7.10490547387,4.79487179487,5.94988863437,Zambia
ZM,2017-11,,0.572000572001,9.11062906725,4.84131481962,Zambia
ZM,2017-12,6.5,0.198398639552,11.4617169374,6.05337185897,Zambia
VA,2018-2,,37.9907396599,,,Vatican City
VA,2018-1,,,4.67032967033,,Vatican City
VA,2017-11,,2.52206809584,12.2075279756,7.36479803571,Vatican City
VA,2017-12,,,5.88996763754,,Vatican City
UZ,2018-2,1.40909090909,30.5875350469,4.89690721649,12.2978443908,Uzbekistan
UZ,2017-12,3.04545454545,2.59981429898,3.77985462098,3.1417078218,Uzbekistan
UZ,2017-11,2.81818181818,0.635727908455,3.16205533597,2.20532168754,Uzbekistan
UZ,2018-1,4.31818181818,,1.37466307278,2.84642244548,Uzbekistan
TV,2018-2,,,2.07200242953,,Tuvalu
TV,2018-1,,,1.74172734011,,Tuvalu
TV,2017-11,,33.3333333333,2.63919746852,17.9862654009,Tuvalu
TV,2017-12,,,3.02171597907,,Tuvalu
TM,2018-2,,,,,Turkmenistan
TM,2017-11,,,,,Turkmenistan
TM,2018-1,,,,,Turkmenistan
TM,2017-12,,4.87804878049,,,Turkmenistan
TN,2018-2,3.95454545455,16.8078220753,1.41033254157,7.39090002381,Tunisia
TN,2018-1,0.590909090909,4.89755358917,0.571364552991,2.01994241102,Tunisia
TN,2017-12,1.95454545455,1.32814723461,1.36580706781,1.54949991899,Tunisia
TN,2017-11,1.31818181818,0.744289900916,2.80522792477,1.62256654796,Tunisia
TK,2018-2,,,5.34308211474,,Tokelau
TK,2018-1,,,3.6811023622,,Tokelau
TK,2017-11,,,3.9270687237,,Tokelau
TK,2017-12,,,1.87997107737,,Tokelau
TL,2018-2,,,4.62287104623,,Timor-Leste
TL,2018-1,,,6.14951768489,,Timor-Leste
TL,2017-11,,,3.80952380952,,Timor-Leste
TL,2017-12,,,5.41666666667,,Timor-Leste
TJ,2018-2,,,4.80838756327,,Tajikistan
TJ,2018-1,,,5.82524271845,,Tajikistan
TJ,2017-11,,,5.43245175125,,Tajikistan
TJ,2017-12,,,5.031303358,,Tajikistan
SY,2018-2,2.95454545455,4.52974442481,,3.74214493968,Syria
SY,2017-11,1.09090909091,0.348037936135,1.26582278481,0.901589937285,Syria
SY,2018-1,3.40909090909,,,,Syria
SY,2017-12,9.68181818182,,,,Syria
SZ,2018-2,,,,,Swaziland
SZ,2018-1,,,,,Swaziland
SZ,2017-12,,,4.21052631579,,Swaziland
SZ,2017-11,,,,,Swaziland
SD,2018-2,0.136363636364,10.7789455091,0.997899159664,3.97106943506,Sudan
SD,2018-1,1.13636363636,2.68503385477,1.13941018767,1.6536025596,Sudan
SD,2017-11,0.636363636364,0.408747189863,0.325732899023,0.456947908417,Sudan
SD,2017-12,1.22727272727,,1.02027468934,1.12377370831,Sudan
VC,2018-2,,3.25183756798,,,St. Vincent & Grenadines
VC,2018-1,,4.57816567141,,,St. Vincent & Grenadines
VC,2017-11,,0.898317382441,,,St. Vincent & Grenadines
VC,2017-12,,1.50933225524,,,St. Vincent & Grenadines
PM,2018-2,,,,,St. Pierre & Miquelon
PM,2018-1,,,1.28787878788,,St. Pierre & Miquelon
PM,2017-11,,,1.88235294118,,St. Pierre & Miquelon
PM,2017-12,,,1.15299334812,,St. Pierre & Miquelon
SS,2018-2,,,,,South Sudan
SS,2018-1,,,,,South Sudan
SS,2017-11,,,,,South Sudan
SS,2017-12,,,,,South Sudan
GS,2018-2,,,,,South Georgia & South Sandwich Islands
GS,2017-11,,,,,South Georgia & South Sandwich Islands
GS,2018-1,,,,,South Georgia & South Sandwich Islands
GS,2017-12,,,,,South Georgia & South Sandwich Islands
SB,2018-2,,25.3143553447,11.8421052632,18.5782303039,Solomon Islands
SB,2018-1,,,14.0728476821,,Solomon Islands
SB,2017-11,,,9.09090909091,,Solomon Islands
SB,2017-12,,,10.6666666667,,Solomon Islands
SX,2018-2,,,5.79268292683,,Sint Maarten
SX,2017-11,,,1.40350877193,,Sint Maarten
SX,2018-1,,,0.774663932559,,Sint Maarten
SX,2017-12,,,0.873134328358,,Sint Maarten
SC,2018-2,,11.1917288493,21.5909090909,16.3913189701,Seychelles
SC,2018-1,,6.98578544527,8.94736842105,7.96657693316,Seychelles
SC,2017-11,,0.82023239918,35.8208955224,18.3205639608,Seychelles
SC,2017-12,,1.44088511514,7.42857142857,4.43472827186,Seychelles
SN,2018-2,2.5,,7.10944808232,4.80472404116,Senegal
SN,2017-12,2.0,1.51630022745,7.49279538905,3.66969853883,Senegal
SN,2017-11,,1.01708706265,7.29166666667,4.15437686466,Senegal
SN,2018-1,0.636363636364,5.8369708659,6.08108108108,4.18480519445,Senegal
ST,2018-2,,,,,São Tomé & Príncipe
ST,2017-11,,,,,São Tomé & Príncipe
ST,2017-12,,,,,São Tomé & Príncipe
ST,2018-1,,,32.6923076923,,São Tomé & Príncipe
WS,2018-2,,,10.6263982103,,Samoa
WS,2018-1,,,7.83410138249,,Samoa
WS,2017-11,,5.55555555556,4.87469962238,5.21512758897,Samoa
WS,2017-12,,,11.7192530586,,Samoa
RO,2018-2,2.36363636364,5.88479920925,0.726320781194,2.99158545136,Romania
RO,2017-11,5.27272727273,0.553594906927,0.775506024508,2.20060940139,Romania
RO,2018-1,3.09090909091,2.25874034307,0.527523964767,1.95905779958,Romania
RO,2017-12,2.68181818182,0.616468516072,0.598098138638,1.29879494551,Romania
RE,2018-2,3.22727272727,,15.2733118971,9.25029231219,Réunion
RE,2018-1,4.0,4.65022240194,11.4984391259,6.71622050928,Réunion
RE,2017-11,1.18181818182,1.73913043478,18.8976377953,7.27286213729,Réunion
RE,2017-12,1.5,,15.7930258718,8.64651293588,Réunion
QA,2018-2,4.36363636364,3.82110766726,4.21977597528,4.13484000206,Qatar
QA,2018-1,2.5,3.12622708189,2.46039000609,2.69553902933,Qatar
QA,2017-12,1.13636363636,0.158793171894,4.13610251878,1.81041977568,Qatar
QA,2017-11,4.72727272727,0.785193494111,5.28301886792,3.59849502977,Qatar
PA,2018-2,4.45454545455,15.0185347546,6.42882583403,8.63396868105,Panama
PA,2018-1,4.77272727273,7.13198398827,5.75499921272,5.88657015791,Panama
PA,2017-11,21.4090909091,0.954710901605,5.1069130164,9.15690494237,Panama
PA,2017-12,10.5454545455,2.27060071112,6.71419518378,6.51008348012,Panama
PW,2018-2,,,,,Palau
PW,2018-1,,,2.19072164948,,Palau
PW,2017-11,,,,,Palau
PW,2017-12,,,,,Palau
OM,2018-2,1.63636363636,4.25780568638,13.686440678,6.52687000024,Oman
OM,2018-1,,1.89776805974,9.90675990676,5.90226398325,Oman
OM,2017-11,3.86363636364,0.3717299382,14.849187935,6.36151807896,Oman
OM,2017-12,2.40909090909,0.985828712261,18.7349879904,7.37663587058,Oman
NO,2018-2,4.95454545455,18.3754893104,0.900386196145,8.07680698705,Norway
NO,2018-1,4.31818181818,4.70262165478,0.732257470539,3.2510203145,Norway
NO,2017-12,6.31818181818,2.72511608102,0.88822295475,3.31050695132,Norway
NO,2017-11,7.95454545455,1.37030469128,0.724033903175,3.34962801633,Norway
MP,2018-2,,,,,Northern Mariana Islands
MP,2018-1,,,,,Northern Mariana Islands
MP,2017-11,,,,,Northern Mariana Islands
MP,2017-12,,,,,Northern Mariana Islands
NE,2018-2,4.54545454545,,,,Niger
NE,2018-1,4.54545454545,,,,Niger
NE,2017-11,4.54545454545,3.4188034188,,3.98212898213,Niger
NE,2017-12,4.54545454545,,,,Niger
NP,2018-2,15.6818181818,10.503637507,10.6343283582,12.273261349,Nepal
NP,2017-11,14.5909090909,1.21244269314,,7.90167589202,Nepal
NP,2018-1,15.2727272727,4.88945578231,1.48601398601,7.21606568035,Nepal
NP,2017-12,10.9545454545,2.05257094984,7.59124087591,6.86611909343,Nepal
ME,2018-2,,,1.71259335565,,Montenegro
ME,2018-1,,2.43231810491,1.99244163796,2.21237987144,Montenegro
ME,2017-12,,,2.26489803999,,Montenegro
ME,2017-11,,,1.76059707205,,Montenegro
MN,2018-2,0.545454545455,,0.894201807229,0.719828176342,Mongolia
MN,2018-1,1.5,,1.34992059291,1.42496029645,Mongolia
MN,2017-11,0.363636363636,0.496154800298,0.708143651998,0.522644938644,Mongolia
MN,2017-12,1.22727272727,1.02301790281,1.38599466925,1.21209509978,Mongolia
MC,2018-2,,,6.14224137931,,Monaco
MC,2018-1,,5.63173359452,5.51948051948,5.575607057,Monaco
MC,2017-12,,1.42131979695,12.6213592233,7.02133951013,Monaco
MC,2017-11,,3.06278713629,3.2,3.13139356815,Monaco
MD,2018-2,3.40909090909,,2.05306759515,2.73107925212,Moldova
MD,2018-1,3.54545454545,,1.89499912572,2.72022683559,Moldova
MD,2017-12,4.63636363636,,1.73546460566,3.18591412101,Moldova
MD,2017-11,5.72727272727,,1.78955519229,3.75841395978,Moldova
MU,2018-2,1.5,13.4130091352,6.17774566474,7.03025159999,Mauritius
MU,2018-1,2.04545454545,7.60026435702,2.24113135187,3.96228341812,Mauritius
MU,2017-11,1.13636363636,1.30752188283,3.34448160535,1.92945570818,Mauritius
MU,2017-12,1.0,1.87933477515,4.22535211268,2.36822896261,Mauritius
MR,2018-2,0.590909090909,,10.4683195592,5.52961432507,Mauritania
MR,2018-1,0.727272727273,,6.18932038835,3.45829655781,Mauritania
MR,2017-11,,0.587199060482,4.662004662,2.62460186124,Mauritania
MR,2017-12,0.636363636364,2.51046025105,1.08108108108,1.40930165616,Mauritania
KR,2018-2,3.09090909091,3.40554027411,0.581607267348,2.35935221079,South Korea
KR,2017-11,4.40909090909,0.246609124538,0.963338552215,1.87301286195,South Korea
KR,2018-1,2.86363636364,2.34833966888,0.512961484407,1.90831250564,South Korea
KR,2017-12,4.0,0.353097277203,0.792069187132,1.71505548811,South Korea
MV,2018-2,4.54545454545,9.06159679686,,6.80352567116,Maldives
MV,2017-12,,1.92025080827,,,Maldives
MV,2018-1,,1.16396761134,,,Maldives
MV,2017-11,,3.24737344795,0.128617363344,1.68799540565,Maldives
MW,2018-2,3.59090909091,,25.3816793893,14.4862942401,Malawi
MW,2018-1,,5.34635053464,9.57207207207,7.45921130335,Malawi
MW,2017-11,,2.19538968167,14.8148148148,8.50510224824,Malawi
MW,2017-12,,,12.6213592233,,Malawi
MO,2018-2,0.272727272727,,9.77366255144,5.02319491208,Macau
MO,2018-1,2.59090909091,,7.25255972696,4.92173440894,Macau
MO,2017-12,0.227272727273,,9.00432900433,4.6158008658,Macau
MO,2017-11,,0.712758374911,10.9756097561,5.8441840655,Macau
LU,2018-2,,13.3667364847,7.51960349164,10.4431699882,Luxembourg
LU,2018-1,,9.76645435244,5.96408839779,7.86527137512,Luxembourg
LU,2017-11,,0.885935769657,12.5737630504,6.72984941002,Luxembourg
LU,2017-12,,2.5162884745,12.9359767647,7.72613261962,Luxembourg
LT,2018-2,1.13636363636,,0.264192220698,0.700277928531,Lithuania
LT,2018-1,6.13636363636,4.71021912759,0.117160578911,3.65458111429,Lithuania
LT,2017-11,1.5,1.47528891075,0.42494422607,1.13341104561,Lithuania
LT,2017-12,1.90909090909,,0.431663207827,1.17037705846,Lithuania
LI,2018-2,,,2.93890177881,,Liechtenstein
LI,2017-11,,7.32600732601,2.01149425287,4.66875078944,Liechtenstein
LI,2018-1,,25.9593679458,3.17016317016,14.564765558,Liechtenstein
LI,2017-12,,,2.38943136129,,Liechtenstein
LR,2018-2,,56.9969207419,,,Liberia
LR,2018-1,,5.28735632184,,,Liberia
LR,2017-11,,1.87705302675,,,Liberia
LR,2017-12,,1.31455399061,,,Liberia
LS,2018-2,,20.7079383258,13.9705882353,17.3392632805,Lesotho
LS,2017-11,,1.31406044678,,,Lesotho
LS,2017-12,,1.87165775401,,,Lesotho
LS,2018-1,,7.40502253703,,,Lesotho
LB,2018-2,6.0,3.2943415197,0.16582300576,3.15338817515,Lebanon
LB,2018-1,3.86363636364,2.42778227367,0.402509766781,2.23130946803,Lebanon
LB,2017-12,3.22727272727,0.886138265701,1.14188117604,1.75176405634,Lebanon
LB,2017-11,6.31818181818,0.455640174445,1.36872666943,2.71418288735,Lebanon
LV,2018-2,,17.5567303197,0.6175960705,9.0871631951,Latvia
LV,2018-1,0.545454545455,,0.691924159685,0.61868935257,Latvia
LV,2017-11,,0.291587694999,0.72360953462,0.50759861481,Latvia
LV,2017-12,0.681818181818,1.59045725646,0.523792255933,0.932022564737,Latvia
KW,2018-2,0.590909090909,1.66035954504,3.20945945946,1.82024269847,Kuwait
KW,2018-1,0.136363636364,0.63369959333,0.90618336887,0.558748866188,Kuwait
KW,2017-11,0.272727272727,0.292868648411,1.97044334975,0.845346423631,Kuwait
KW,2017-12,3.77272727273,0.201161812098,,1.98694454241,Kuwait
KE,2018-2,6.81818181818,17.4763884994,6.23121071331,10.1752603436,Kenya
KE,2018-1,9.95454545455,5.78133747701,6.35241364039,7.36276552398,Kenya
KE,2017-11,8.45454545455,1.65362587723,5.7171265225,5.27509928476,Kenya
KE,2017-12,16.0909090909,1.38215601149,8.57550967407,8.68285825882,Kenya
KZ,2018-2,7.90909090909,8.36341988839,2.36463946626,6.21238342125,Kazakhstan
KZ,2018-1,8.09090909091,3.2686705038,1.61808654358,4.32588871276,Kazakhstan
KZ,2017-11,7.77272727273,0.147145379635,1.89758143081,3.27248469439,Kazakhstan
KZ,2017-12,7.77272727273,1.09567599296,2.52246172017,3.79695499528,Kazakhstan
PS,2018-2,3.13636363636,5.02527046084,0.481389349549,2.88100781558,Palestine
PS,2017-11,,0.329652216911,0.645031243701,0.487341730306,Palestine
PS,2018-1,0.136363636364,1.83559457302,0.578831312018,0.850263173802,Palestine
PS,2017-12,,0.431300061614,0.484461302988,0.457880682301,Palestine
JE,2018-2,,10.1483167555,,,Jersey
JE,2018-1,,18.5723514212,,,Jersey
JE,2017-12,,1.04205433569,,,Jersey
JE,2017-11,,0.634920634921,,,Jersey
YE,2018-2,,6.6872361045,,,Yemen
YE,2017-11,0.0909090909091,0.527823857638,1.03626943005,0.551667459533,Yemen
YE,2018-1,0.0909090909091,3.45721694036,,1.77406301564,Yemen
YE,2017-12,0.0454545454545,1.25655896161,0.669240669241,0.657084725436,Yemen
IM,2018-2,,19.1845957363,5.35966149506,12.2721286157,Isle of Man
IM,2018-1,,,3.2974137931,,Isle of Man
IM,2017-11,,,4.41014332966,,Isle of Man
IM,2017-12,,,7.58798283262,,Isle of Man
IS,2018-2,,8.58717113219,1.21471427166,4.90094270193,Iceland
IS,2017-11,,0.53547523427,0.998829496684,0.767152365477,Iceland
IS,2017-12,,1.4505893019,1.24312694239,1.34685812214,Iceland
IS,2018-1,,3.99916539157,0.583495917335,2.29133065445,Iceland
GW,2018-2,,,,,Guinea-Bissau
GW,2017-11,,,,,Guinea-Bissau
GW,2018-1,,,,,Guinea-Bissau
GW,2017-12,,11.2,,,Guinea-Bissau
GN,2018-2,,,,,Guinea
GN,2018-1,,16.8869309838,,,Guinea
GN,2017-11,,,,,Guinea
GN,2017-12,,,,,Guinea
GG,2018-2,,,,,Guernsey
GG,2018-1,,,,,Guernsey
GG,2017-11,,,,,Guernsey
GG,2017-12,,,,,Guernsey
GR,2018-2,3.0,6.73024442911,3.83071381208,4.52031941373,Greece
GR,2017-11,2.81818181818,0.93215530518,4.20904120863,2.65312611066,Greece
GR,2017-12,1.95454545455,1.44342297448,4.19655733396,2.53150858766,Greece
GR,2018-1,2.81818181818,7.46965452848,3.67418881114,4.65400838593,Greece
GM,2018-2,,,,,Gambia
GM,2018-1,,,,,Gambia
GM,2017-12,,,,,Gambia
GM,2017-11,,2.47218788628,,,Gambia
GF,2018-2,,,,,French Guiana
GF,2018-1,,,,,French Guiana
GF,2017-11,,8.62068965517,,,French Guiana
GF,2017-12,,,,,French Guiana
FJ,2018-2,14.6818181818,61.9700431582,19.9953227315,32.2157280238,Fiji
FJ,2018-1,8.59090909091,6.85339690107,16.0102739726,10.4848599882,Fiji
FJ,2017-12,,1.82410423453,26.381059752,14.1025819933,Fiji
FJ,2017-11,6.54545454545,6.26959247649,55.1401869159,22.6517446459,Fiji
FO,2018-2,,,,,Faroe Islands
FO,2018-1,,100.0,,,Faroe Islands
FO,2017-11,,,,,Faroe Islands
FO,2017-12,,,,,Faroe Islands
FK,2018-2,,,,,Falkland Islands (Islas Malvinas)
FK,2018-1,,,,,Falkland Islands (Islas Malvinas)
FK,2017-11,,,,,Falkland Islands (Islas Malvinas)
FK,2017-12,,,,,Falkland Islands (Islas Malvinas)
ER,2018-2,,,,,Eritrea
ER,2017-11,,6.4308681672,,,Eritrea
ER,2018-1,,,,,Eritrea
ER,2017-12,,,,,Eritrea
DJ,2018-2,,,,,Djibouti
DJ,2018-1,4.54545454545,17.9127725857,,11.2291135656,Djibouti
DJ,2017-11,,2.2271714922,,,Djibouti
DJ,2017-12,4.54545454545,,,,Djibouti
DK,2018-2,7.09090909091,22.8221489844,4.62248941378,11.511849163,Denmark
DK,2018-1,8.22727272727,10.1469096043,3.54382873633,7.30600368929,Denmark
DK,2017-12,8.86363636364,3.83416753234,4.71023274603,5.80267888067,Denmark
DK,2017-11,10.6363636364,2.48326016585,4.1489239268,5.75618257634,Denmark
CY,2018-2,,7.56485796522,1.79860866502,4.68173331512,Cyprus
CY,2017-11,1.04545454545,0.501378791677,3.59320916433,1.71334750049,Cyprus
CY,2018-1,1.27272727273,2.88004007012,2.83402667319,2.32893133868,Cyprus
CY,2017-12,0.454545454545,1.88933873144,3.83469626168,2.05952681589,Cyprus
HR,2018-2,1.90909090909,2.97197263009,0.36631962702,1.74912772207,Croatia
HR,2017-11,2.77272727273,0.600901352028,0.558261414452,1.31063001307,Croatia
HR,2018-1,3.27272727273,,0.376890975483,1.8248091241,Croatia
HR,2017-12,1.68181818182,0.838239696637,0.494310002988,1.00478929381,Croatia
CI,2018-2,3.5,25.6844292751,4.37116564417,11.1851983064,Côte d’Ivoire
CI,2018-1,4.86363636364,6.84523809524,2.15736040609,4.62207828832,Côte d’Ivoire
CI,2017-11,5.22727272727,1.64406083025,10.3986135182,5.75664902524,Côte d’Ivoire
CI,2017-12,3.68181818182,1.17326628955,4.22764227642,3.0275755826,Côte d’Ivoire
CK,2018-2,,,,,Cook Islands
CK,2018-1,,,,,Cook Islands
CK,2017-11,,,,,Cook Islands
CK,2017-12,,,,,Cook Islands
CD,2018-2,4.18181818182,25.5903551304,3.16901408451,10.9803957989,Congo - Kinshasa
CD,2018-1,2.04545454545,10.0612423447,4.15309446254,5.4199304509,Congo - Kinshasa
CD,2017-11,0.136363636364,,4.7197640118,2.42806382408,Congo - Kinshasa
CD,2017-12,1.81818181818,,4.96629213483,3.39223697651,Congo - Kinshasa
CG,2018-2,,20.6226502767,,,Congo - Brazzaville
CG,2018-1,,7.73889636608,,,Congo - Brazzaville
CG,2017-12,,,,,Congo - Brazzaville
CG,2017-11,,1.2353304509,,,Congo - Brazzaville
CC,2018-2,,,1.46253848785,,Cocos (Keeling) Islands
CC,2018-1,,,1.43357550597,,Cocos (Keeling) Islands
CC,2017-11,,,2.04315646826,,Cocos (Keeling) Islands
CC,2017-12,,,2.04623708805,,Cocos (Keeling) Islands
CX,2018-2,,,,,Christmas Island
CX,2018-1,,,,,Christmas Island
CX,2017-11,,,,,Christmas Island
CX,2017-12,,,,,Christmas Island
CN,2018-2,5.22727272727,4.19207824297,0.972856848678,3.46406927297,China
CN,2017-11,4.04545454545,0.428696975543,1.02884076966,1.83433076355,China
CN,2018-1,3.13636363636,2.69051619627,0.9871515136,2.27134378208,China
CN,2017-12,10.2272727273,0.697961803033,1.1776113907,4.03428197367,China
TD,2018-2,,,,,Chad
TD,2018-1,1.63636363636,,,,Chad
TD,2017-11,,,,,Chad
TD,2017-12,1.45454545455,1.90865712338,,1.68160128896,Chad
CM,2018-2,13.2272727273,100.0,22.619047619,45.2821067821,Cameroon
CM,2017-11,14.6818181818,6.18036919574,,10.4310936888,Cameroon
CM,2018-1,5.90909090909,55.0054543929,,30.457272651,Cameroon
CM,2017-12,6.40909090909,7.15319764966,,6.78114427938,Cameroon
BI,2018-2,,,7.85123966942,,Burundi
BI,2017-11,,,10.0,,Burundi
BI,2017-12,,,13.6842105263,,Burundi
BI,2018-1,,17.7743431221,5.44871794872,11.6115305354,Burundi
BG,2018-2,1.59090909091,6.24336594411,1.45129686825,3.09519063443,Bulgaria
BG,2017-11,1.86363636364,1.27659574468,1.42761893556,1.52261701463,Bulgaria
BG,2018-1,3.18181818182,2.32699312019,0.93860877121,2.14914002441,Bulgaria
BG,2017-12,1.68181818182,0.316419934456,1.51843817787,1.17222543138,Bulgaria
VG,2018-2,,,2.47395833333,,British Virgin Islands
VG,2017-12,,,3.16751269036,,British Virgin Islands
VG,2017-11,,,1.92492781521,,British Virgin Islands
VG,2018-1,,,0.793650793651,,British Virgin Islands
IO,2018-2,,,5.46675191816,,British Indian Ocean Territory
IO,2018-1,,,5.08747697974,,British Indian Ocean Territory
IO,2017-11,,,0.380589914367,,British Indian Ocean Territory
IO,2017-12,,,2.40295748614,,British Indian Ocean Territory
BV,2018-2,,,,,Bouvet Island
BV,2017-11,,,,,Bouvet Island
BV,2017-12,,,,,Bouvet Island
BV,2018-1,,,,,Bouvet Island
BA,2018-2,0.272727272727,,0.0598312129991,0.166279242863,Bosnia & Herzegovina
BA,2017-11,0.272727272727,0.334728033473,0.0339083626499,0.213787889617,Bosnia & Herzegovina
BA,2017-12,1.72727272727,,0.0409094485092,0.884091087891,Bosnia & Herzegovina
BA,2018-1,1.36363636364,3.52868978214,0.0834151128557,1.65858041954,Bosnia & Herzegovina
JO,2018-2,2.18181818182,9.50249143569,,5.84215480875,Jordan
JO,2018-1,0.818181818182,3.24950551003,0.427565392354,1.49841757352,Jordan
JO,2017-12,1.04545454545,0.119627445954,1.13289760349,0.765993198298,Jordan
JO,2017-11,0.409090909091,0.56436062644,0.597907324365,0.523786286632,Jordan
BT,2018-2,,,,,Bhutan
BT,2017-11,,,100.0,,Bhutan
BT,2018-1,,,,,Bhutan
BT,2017-12,,,,,Bhutan
BJ,2018-2,,25.9888208677,,,Benin
BJ,2017-12,,4.43154840412,,,Benin
BJ,2017-11,,1.17061750073,,,Benin
BJ,2018-1,4.54545454545,,,,Benin
BY,2018-2,1.90909090909,10.3525420135,2.61276127613,4.95813139956,Belarus
BY,2018-1,3.40909090909,2.38416087903,1.73363246992,2.50896141935,Belarus
BY,2017-11,3.40909090909,0.565291124929,1.95568172857,1.97668792086,Belarus
BY,2017-12,4.22727272727,1.3379204893,1.74776253566,2.43765191741,Belarus
BB,2018-2,,,,,Barbados
BB,2018-1,,6.09432962374,65.3846153846,35.7394725042,Barbados
BB,2017-12,,1.04770813845,37.1428571429,19.0952826407,Barbados
BB,2017-11,,1.06138333628,,,Barbados
BD,2018-2,3.04545454545,6.89827168763,0.142194282293,3.36197350512,Bangladesh
BD,2017-12,3.36363636364,0.33453806864,0.372759856631,1.3569780963,Bangladesh
BD,2017-11,4.72727272727,1.03114669578,0.0508517670989,1.93642373005,Bangladesh
BD,2018-1,2.90909090909,3.39953239633,0.481177469573,2.263266925,Bangladesh
EG,2018-2,1.40909090909,1.47154126012,0.725080140437,1.20190410322,Egypt
EG,2018-1,1.63636363636,0.692483980773,0.731298677776,1.02004876497,Egypt
EG,2017-12,2.27272727273,0.161554966553,1.70563703669,1.37997309199,Egypt
EG,2017-11,2.5,0.112589790358,0.753802665231,1.12213081853,Egypt
BS,2018-2,,11.0897476461,,,Bahamas
BS,2017-11,,0.740231586739,,,Bahamas
BS,2017-12,,1.1714255831,,,Bahamas
BS,2018-1,,6.2882139484,,,Bahamas
AW,2018-2,,,,,Aruba
AW,2017-11,,,3.7037037037,,Aruba
AW,2018-1,,,,,Aruba
AW,2017-12,,,,,Aruba
AR,2018-2,4.95454545455,4.07371205431,1.58733449766,3.53853066884,Argentina
AR,2017-11,11.0909090909,0.394129834552,1.29820785828,4.26108226125,Argentina
AR,2017-12,5.40909090909,0.4443439496,1.49744629985,2.45029371951,Argentina
AR,2018-1,2.22727272727,2.00426580797,1.04338112649,1.75830655391,Argentina
AG,2018-2,,,2.73775216138,,Antigua & Barbuda
AG,2017-12,,,2.63959390863,,Antigua & Barbuda
AG,2017-11,,,4.0,,Antigua & Barbuda
AG,2018-1,,11.0470701249,,,Antigua & Barbuda
AO,2018-2,3.72727272727,,8.53120243531,6.12923758129,Angola
AO,2017-11,0.272727272727,,6.18429189858,3.22850958565,Angola
AO,2017-12,0.181818181818,0.694186190653,8.39483394834,3.09027944027,Angola
AO,2018-1,,2.61899339558,7.55646323883,5.0877283172,Angola
AS,2018-2,,,,,American Samoa
AS,2018-1,,,,,American Samoa
AS,2017-11,,,,,American Samoa
AS,2017-12,,,,,American Samoa
DZ,2018-2,6.68181818182,4.58885909232,2.38693467337,4.55253731584,Algeria
DZ,2017-11,8.0,0.524555766835,,4.26227788342,Algeria
DZ,2018-1,8.0,2.15349083986,,5.07674541993,Algeria
DZ,2017-12,6.45454545455,0.615713253542,,3.53512935404,Algeria
AX,2018-2,,,3.79392971246,,Åland Islands
AX,2017-11,,,3.28767123288,,Åland Islands
AX,2018-1,,,0.940265486726,,Åland Islands
AX,2017-12,,,0.736543909348,,Åland Islands
AF,2018-2,,,6.06751824818,,Afghanistan
AF,2017-11,,0.679809653297,2.80504908836,1.74242937083,Afghanistan
AF,2017-12,,1.86356073211,3.79562043796,2.82959058503,Afghanistan
AF,2018-1,,3.49225630125,1.79577464789,2.64401547457,Afghanistan
VE,2018-2,13.8636363636,9.35790213929,2.0172275641,8.41292202234,Venezuela
VE,2018-1,8.54545454545,3.84420457854,3.65039753932,5.34668555444,Venezuela
VE,2017-12,3.72727272727,0.909852461998,3.32028191073,2.65246903333,Venezuela
VE,2017-11,13.5,1.16372017614,3.01441677588,5.89271231734,Venezuela
UY,2018-2,1.40909090909,7.10078351587,6.92664604507,5.14550682334,Uruguay
UY,2018-1,1.40909090909,3.7562449428,7.51628917158,4.22720834116,Uruguay
UY,2017-11,8.90909090909,0.624679466169,7.4673715513,5.66704730885,Uruguay
UY,2017-12,1.27272727273,1.35361151505,7.72734614763,3.45122831181,Uruguay
AE,2018-2,11.3636363636,7.09705661743,9.22196464793,9.227552543,United Arab Emirates
AE,2017-11,8.13636363636,0.459911083857,7.78337423049,5.45988298357,United Arab Emirates
AE,2017-12,11.1818181818,0.58510082541,7.80073591848,6.5225516419,United Arab Emirates
AE,2018-1,9.59090909091,3.99706831284,8.95143153706,7.51313631361,United Arab Emirates
UG,2018-2,5.5,8.57442688597,8.22975517891,7.43472735496,Uganda
UG,2018-1,1.72727272727,5.14822920812,9.27419354839,5.38323182793,Uganda
UG,2017-11,5.45454545455,1.07451781013,11.0354223433,5.854828536,Uganda
UG,2017-12,7.36363636364,1.60128102482,11.9427710843,6.96922949093,Uganda
TZ,2018-2,19.7272727273,10.9460901696,2.23924572775,10.9708695415,Tanzania
TZ,2017-12,23.4090909091,1.11314303888,3.17765168049,9.23329520949,Tanzania
TZ,2017-11,13.3181818182,1.27206233105,2.68456375839,5.75826930254,Tanzania
TZ,2018-1,29.4090909091,7.51961639058,1.38436482085,12.7710240402,Tanzania
SE,2018-2,8.18181818182,26.2801427394,2.51335045453,12.3251037919,Sweden
SE,2018-1,7.5,12.5291828794,1.99719837673,7.34212708537,Sweden
SE,2017-11,8.27272727273,2.18720638295,1.87597069866,4.11196811811,Sweden
SE,2017-12,6.59090909091,2.52341562329,2.22151732144,3.77861401188,Sweden
PL,2018-2,3.31818181818,4.67960699736,1.10663649071,3.03480843542,Poland
PL,2018-1,4.77272727273,3.36222612046,1.27439902922,3.13645080747,Poland
PL,2017-11,4.68181818182,0.453333816889,0.737884509087,1.95767883593,Poland
PL,2017-12,3.5,0.709213204874,1.99317231555,2.06746184014,Poland
TF,2018-2,,,,,French Southern Territories
TF,2018-1,,,,,French Southern Territories
TF,2017-12,,,,,French Southern Territories
TF,2017-11,,,,,French Southern Territories
PE,2018-2,6.09090909091,6.34141272439,1.84877459257,4.76036546929,Peru
PE,2017-11,27.6363636364,0.824759273387,2.13377102995,10.1982979799,Peru
PE,2018-1,8.63636363636,5.12432942492,2.09817764983,5.28629023704,Peru
PE,2017-12,20.9545454545,0.777867187799,2.42021812992,8.05087692409,Peru
PK,2018-2,3.54545454545,13.8894552614,8.70193101172,8.71228027285,Pakistan
PK,2017-11,6.95454545455,1.76512050798,9.30456791611,6.00807795955,Pakistan
PK,2017-12,5.04545454545,1.98998131527,11.7537519142,6.26306259165,Pakistan
PK,2018-1,6.86363636364,8.04107017996,6.93730457364,7.28067037241,Pakistan
NZ,2018-2,10.0909090909,19.8526532751,17.7259475219,15.8898366293,New Zealand
NZ,2017-12,5.54545454545,2.46474156572,17.3457176029,8.45197123804,New Zealand
NZ,2018-1,8.63636363636,14.3872500136,11.4089894047,11.4775343515,New Zealand
NZ,2017-11,16.3636363636,2.8830752803,15.129789864,11.458833836,New Zealand
NL,2018-2,3.40909090909,26.07749643,5.5939658564,11.6935177318,Netherlands
NL,2017-11,4.63636363636,2.29751611622,5.53682525751,4.15690167003,Netherlands
NL,2018-1,8.22727272727,11.6315690657,4.63345421242,8.16409866845,Netherlands
NL,2017-12,4.04545454545,2.63964984237,5.79364860922,4.15958433235,Netherlands
MX,2018-2,29.5,11.4174518739,4.30777702223,15.0750762987,Mexico
MX,2017-12,24.2727272727,1.25282058205,6.3602030134,10.6285836227,Mexico
MX,2017-11,34.3636363636,0.981304648275,5.34161645647,13.5621858228,Mexico
MX,2018-1,27.5454545455,3.6797541439,3.75862765302,11.6612787808,Mexico
BM,2018-2,,7.91023615668,,,Bermuda
BM,2017-12,,1.4735291022,,,Bermuda
BM,2017-11,,1.12578037048,,,Bermuda
BM,2018-1,,5.80426992379,,,Bermuda
MG,2018-2,7.18181818182,4.07750772572,19.0,10.0864419692,Madagascar
MG,2018-1,2.36363636364,4.47935601143,,3.42149618753,Madagascar
MG,2017-11,2.04545454545,1.02419664576,,1.53482559561,Madagascar
MG,2017-12,9.13636363636,0.747863247863,28.1081081081,12.6641116641,Madagascar
HU,2018-2,1.45454545455,15.9939719565,0.287440462247,5.91198595776,Hungary
HU,2018-1,3.04545454545,4.85150185623,0.201248927166,2.69940177628,Hungary
HU,2017-11,2.72727272727,0.879662209711,0.11968503937,1.24220665878,Hungary
HU,2017-12,1.90909090909,2.57637099742,0.186711748777,1.55739121843,Hungary
BE,2018-2,4.09090909091,16.5074874575,2.797192025,7.79852952447,Belgium
BE,2017-11,5.86363636364,2.34296552494,2.8176505309,3.67475080649,Belgium
BE,2018-1,5.40909090909,8.40891513745,2.35770668882,5.39190424512,Belgium
BE,2017-12,5.95454545455,2.35123787462,3.02218170361,3.77598834426,Belgium
HT,2018-2,2.18181818182,3.15671383633,,2.66926600907,Haiti
HT,2018-1,1.40909090909,2.47844827586,,1.94376959248,Haiti
HT,2017-12,7.77272727273,0.32737051327,,4.050048893,Haiti
HT,2017-11,4.77272727273,0.4233252196,,2.59802624616,Haiti
GP,2018-2,,,,,Guadeloupe
GP,2018-1,,3.01047120419,,,Guadeloupe
GP,2017-11,,0.566732785492,,,Guadeloupe
GP,2017-12,1.63636363636,0.819912152269,,1.22813789432,Guadeloupe
DE,2018-2,4.27272727273,12.3220085815,3.61658168584,6.73710584669,Germany
DE,2018-1,4.95454545455,5.96279979128,2.92576289665,4.61436938083,Germany
DE,2017-11,4.40909090909,1.4829084408,3.64771509668,3.17990481552,Germany
DE,2017-12,3.63636363636,1.62183794258,3.62463740172,2.96094632689,Germany
FR,2018-2,6.18181818182,10.6581694424,3.1195156338,6.65316775266,France
FR,2017-11,7.13636363636,1.24426883107,3.19465112867,3.85842786537,France
FR,2017-12,5.68181818182,1.84363989078,3.45635025911,3.66060277724,France
FR,2018-1,7.09090909091,7.35177865613,3.49001191467,5.9775665539,France
FI,2018-2,3.13636363636,26.965624973,1.89926082822,10.6670831459,Finland
FI,2017-11,9.63636363636,3.30183308664,2.03994621364,4.99271431222,Finland
FI,2018-1,3.31818181818,18.6881846964,2.76802559265,8.25813070242,Finland
FI,2017-12,4.13636363636,3.43537720322,2.53984099255,3.37052727738,Finland
SV,2018-2,23.9090909091,9.63928373396,3.7598944591,12.4360897007,El Salvador
SV,2018-1,9.27272727273,5.74653226501,3.01418439716,6.0111479783,El Salvador
SV,2017-11,10.5454545455,1.05617067718,6.91009030232,6.17057184165,El Salvador
SV,2017-12,2.77272727273,1.31785378099,10.7194826192,4.93668789098,El Salvador
EC,2018-2,16.7272727273,25.2014178594,6.08265424913,16.0037816119,Ecuador
EC,2017-11,32.3636363636,1.88303299687,6.18911174785,13.4785937028,Ecuador
EC,2017-12,26.5,3.14588521457,8.99046104928,12.878782088,Ecuador
EC,2018-1,43.0,25.7981941729,6.38087712367,25.0596904322,Ecuador
CL,2018-2,4.63636363636,9.25946677303,5.42018089532,6.43867043491,Chile
CL,2017-11,17.9090909091,1.31534813977,3.38904543174,7.5378281602,Chile
CL,2018-1,4.18181818182,7.47757359208,5.58468150215,5.74802442535,Chile
CL,2017-12,7.59090909091,1.37911106441,5.51955925209,4.82985980247,Chile
CA,2018-2,10.9545454545,18.8149094466,6.82332217614,12.1975923591,Canada
CA,2017-12,11.5454545455,2.16451286106,7.14301000482,6.95099247044,Canada
CA,2018-1,16.1363636364,8.45516792591,4.91135348288,9.83429501505,Canada
CA,2017-11,16.7727272727,1.67700759651,6.78001769615,8.4099175218,Canada
NF,2018-2,,,,,Norfolk Island
NF,2017-11,,,,,Norfolk Island
NF,2017-12,,,,,Norfolk Island
NF,2018-1,,,,,Norfolk Island
BR,2018-2,6.81818181818,2.20365681325,6.06317191997,5.02833685047,Brazil
BR,2017-12,6.5,0.262996861224,7.3935255726,4.71884081128,Brazil
BR,2017-11,12.7272727273,0.190797064552,6.82797102395,6.58201360526,Brazil
BR,2018-1,4.31818181818,0.846606250386,5.08214636315,3.41564481057,Brazil
AZ,2018-2,0.318181818182,4.16432093079,2.9249560157,2.46915292156,Azerbaijan
AZ,2017-12,2.45454545455,1.48659410672,4.47874994117,2.80662983414,Azerbaijan
AZ,2017-11,1.68181818182,0.587457776472,4.92977397451,2.39968331093,Azerbaijan
AZ,2018-1,0.863636363636,,2.46787461691,1.66575549028,Azerbaijan
AT,2018-2,2.5,10.2280107546,2.83515450593,5.1877217535,Austria
AT,2017-11,5.5,1.95932442494,2.71444255279,3.39125565924,Austria
AT,2017-12,2.95454545455,1.56988386063,2.97626449183,2.500231269,Austria
AT,2018-1,5.36363636364,4.72296893668,2.70962200732,4.26540910254,Austria
VN,2018-1,7.81818181818,3.46698824239,0.656759635725,3.9806432321,Vietnam
VN,2018-2,3.59090909091,2.75119752043,0.57851726712,2.30687462615,Vietnam
VN,2017-11,7.36363636364,0.557103064067,0.592828685259,2.83785603765,Vietnam
VN,2017-12,7.40909090909,0.869250271641,0.667756004278,2.982032395,Vietnam
KY,2018-2,,12.2365090107,2.74765003615,7.49207952343,Cayman Islands
KY,2017-11,,,6.09243697479,,Cayman Islands
KY,2017-12,,4.6396023198,4.46591519055,4.55275875518,Cayman Islands
KY,2018-1,,21.2177121771,4.90856592878,13.0631390529,Cayman Islands
UM,2018-1,,,,,United States Minor Outlying Islands
UM,2017-11,,25.8064516129,,,United States Minor Outlying Islands
UM,2018-2,,,,,United States Minor Outlying Islands
UM,2017-12,,15.9090909091,,,United States Minor Outlying Islands
TT,2018-1,,3.7938770124,3.12604480107,3.45996090674,Trinidad & Tobago
TT,2018-2,4.54545454545,10.8880131495,2.36187845304,5.93178204932,Trinidad & Tobago
TT,2017-11,3.31818181818,0.400266844563,2.18653911855,1.96832926043,Trinidad & Tobago
TT,2017-12,1.18181818182,0.980804259493,2.75757575758,1.6400660663,Trinidad & Tobago
TO,2018-1,,,1.26992031873,,Tonga
TO,2018-2,,31.9743262272,8.357771261,20.1660487441,Tonga
TO,2017-11,,,6.0,,Tonga
TO,2017-12,,,1.87725631769,,Tonga
SJ,2018-1,,,,,Svalbard & Jan Mayen
SJ,2017-11,,,,,Svalbard & Jan Mayen
SJ,2018-2,,,,,Svalbard & Jan Mayen
SJ,2017-12,,,,,Svalbard & Jan Mayen
SR,2018-1,,9.15605095541,3.58952702703,6.37278899122,Suriname
SR,2018-2,,,3.46715328467,,Suriname
SR,2017-11,,,4.0899795501,,Suriname
SR,2017-12,,,6.38036809816,,Suriname
MF,2018-1,,,,,St. Martin
MF,2018-2,,,,,St. Martin
MF,2017-11,,,,,St. Martin
MF,2017-12,,,,,St. Martin
LC,2018-1,,1.10026789131,,,St. Lucia
LC,2017-11,,0.772424447234,,,St. Lucia
LC,2018-2,,3.04165926812,,,St. Lucia
LC,2017-12,,0.28163347415,,,St. Lucia
BL,2018-1,,,,,St. Barthélemy
BL,2018-2,,,,,St. Barthélemy
BL,2017-11,,,,,St. Barthélemy
BL,2017-12,,,,,St. Barthélemy
LK,2018-1,3.68181818182,,5.08535417996,4.38358618089,Sri Lanka
LK,2018-2,8.09090909091,14.6298757869,7.50988142292,10.0768887669,Sri Lanka
LK,2017-11,2.36363636364,1.37551581843,5.92839300583,3.22251506263,Sri Lanka
LK,2017-12,4.0,2.26537216828,10.1242027526,5.4631916403,Sri Lanka
ZA,2018-1,9.36363636364,2.8267829167,4.27718062536,5.48919996856,South Africa
ZA,2018-2,11.0909090909,5.78684949271,5.42926630926,7.43567496429,South Africa
ZA,2017-11,9.72727272727,0.710830413477,5.32878866072,5.25563060049,South Africa
ZA,2017-12,6.13636363636,0.739818065149,5.14378673384,4.00665614512,South Africa
WF,2018-2,,,,,Wallis & Futuna
WF,2017-11,,,,,Wallis & Futuna
WF,2017-12,,,,,Wallis & Futuna
WF,2018-1,,,,,Wallis & Futuna
PT,2018-2,11.8181818182,3.55225993372,6.86297708861,7.4111396135,Portugal
PT,2017-12,7.81818181818,0.472225345406,6.09593113547,4.79544609968,Portugal
PT,2017-11,8.95454545455,0.257065836645,6.30802798886,5.17321309335,Portugal
PT,2018-1,7.68181818182,1.26833135157,5.40498623551,4.7850452563,Portugal
SI,2018-1,2.86363636364,4.86806829406,0.561400198141,2.76436828528,Slovenia
SI,2017-12,1.68181818182,1.26926563917,0.463277465338,1.13812042877,Slovenia
SI,2017-11,3.18181818182,0.571591883395,0.559799405213,1.43773649014,Slovenia
SI,2018-2,0.909090909091,8.63157987792,0.555736106597,3.36546896453,Slovenia
SA,2018-1,1.63636363636,0.982863980172,2.61528275432,1.74483679029,Saudi Arabia
SA,2018-2,2.72727272727,5.04587748605,1.98395251704,3.25236757679,Saudi Arabia
SA,2017-11,3.68181818182,0.174520613689,1.02015426723,1.62549768758,Saudi Arabia
SA,2017-12,3.45454545455,0.192903892525,1.97234294745,1.87326409817,Saudi Arabia
SM,2018-1,,,6.7246835443,,San Marino
SM,2017-11,,,3.54879594423,,San Marino
SM,2018-2,,,1.35714285714,,San Marino
SM,2017-12,,,3.60693641618,,San Marino
RU,2018-1,4.04545454545,2.22614755487,1.95673219438,2.74277809824,Russia
RU,2017-11,5.86363636364,0.421072330869,1.91174248149,2.732150392,Russia
RU,2018-2,3.59090909091,3.69310047586,1.92294702195,3.06898552957,Russia
RU,2017-12,6.09090909091,0.692285956485,2.66501009474,3.14940171404,Russia
PN,2018-1,,,,,Pitcairn
PN,2017-11,,,,,Pitcairn
PN,2017-12,,,,,Pitcairn
PN,2018-2,,,,,Pitcairn
PY,2018-1,2.40909090909,5.32955715757,1.06190319394,2.93351708687,Paraguay
PY,2017-11,7.90909090909,0.901281509647,1.09218567156,3.30085269677,Paraguay
PY,2017-12,1.63636363636,1.52087018287,1.11337406653,1.42353596192,Paraguay
PY,2018-2,1.45454545455,8.77081664368,1.06320315721,3.76285508515,Paraguay
JP,2018-2,7.81818181818,8.4550595775,0.252514065476,5.50858515372,Japan
JP,2017-12,4.54545454545,0.82703532237,0.207069523079,1.8598531303,Japan
JP,2018-1,7.95454545455,4.83433818242,0.188267219683,4.32571695222,Japan
JP,2017-11,5.27272727273,0.673215483956,0.204398604173,2.05011378695,Japan
PG,2018-1,,,3.36967294351,,Papua New Guinea
PG,2017-11,4.54545454545,0.673740946606,19.0327613105,8.08398560084,Papua New Guinea
PG,2018-2,4.54545454545,,4.94791666667,4.74668560606,Papua New Guinea
PG,2017-12,,0.540019286403,16.5771812081,8.55860024723,Papua New Guinea
NU,2018-1,,,2.49776414974,,Niue
NU,2017-11,,,2.92747837658,,Niue
NU,2018-2,,,4.76668339187,,Niue
NU,2017-12,,,3.26909935766,,Niue
NI,2018-1,0.636363636364,1.51821862348,10.3951081844,4.18323014808,Nicaragua
NI,2017-11,2.27272727273,0.417950995246,8.47741215839,3.72269680879,Nicaragua
NI,2018-2,10.0909090909,8.68447618751,12.610619469,10.4620015825,Nicaragua
NI,2017-12,5.59090909091,0.765403750478,12.8002643317,6.38552572437,Nicaragua
NC,2018-1,,,3.1875,,New Caledonia
NC,2017-11,,,1.94647201946,,New Caledonia
NC,2018-2,,,2.07423580786,,New Caledonia
NC,2017-12,4.54545454545,,4.85981308411,4.70263381478,New Caledonia
RS,2018-1,2.45454545455,4.93519869539,0.112350639738,2.50069826322,Serbia
RS,2017-11,1.72727272727,0.739713361073,0.115356885364,0.860780991236,Serbia
RS,2017-12,1.77272727273,0.762250453721,0.0507051742326,0.861894300227,Serbia
RS,2018-2,1.36363636364,6.43100370817,0.108845096242,2.63449505602,Serbia
NR,2018-1,,,,,Nauru
NR,2018-2,,,,,Nauru
NR,2017-11,,,,,Nauru
NR,2017-12,,,,,Nauru
NA,2018-1,,,9.83796296296,,Namibia
NA,2018-2,2.95454545455,,10.9615384615,6.95804195804,Namibia
NA,2017-11,0.272727272727,,8.99854862119,4.63563794696,Namibia
NA,2017-12,,,12.4417177914,,Namibia
MM,2018-1,1.86363636364,1.24029335634,2.60071392147,1.90154788048,Myanmar (Burma)
MM,2017-11,,1.11259457054,4.28481411468,2.69870434261,Myanmar (Burma)
MM,2018-2,,9.67103715534,0.721336370539,5.19618676294,Myanmar (Burma)
MM,2017-12,,0.29439596257,7.05210563883,3.6732508007,Myanmar (Burma)
MZ,2018-1,,9.73338975878,6.88259109312,8.30799042595,Mozambique
MZ,2017-12,4.86363636364,,18.0694980695,11.4665672166,Mozambique
MZ,2017-11,2.04545454545,0.773694390716,10.4575163399,4.42555509201,Mozambique
MZ,2018-2,4.5,,8.43908629442,6.46954314721,Mozambique
MH,2018-2,,,52.7777777778,,Marshall Islands
MH,2018-1,,,18.4782608696,,Marshall Islands
MH,2017-11,,,,,Marshall Islands
MH,2017-12,,,,,Marshall Islands
MA,2018-1,3.59090909091,3.14996576124,1.15417996528,2.63168493914,Morocco
MA,2018-2,3.72727272727,2.60600577037,1.34385991742,2.55904613835,Morocco
MA,2017-11,3.31818181818,0.628394452175,1.77722152691,1.90793259909,Morocco
MA,2017-12,8.09090909091,1.00696785795,1.22923692754,3.44237129213,Morocco
MS,2018-1,,,3.63247863248,,Montserrat
MS,2017-11,,,,,Montserrat
MS,2017-12,,,,,Montserrat
MS,2018-2,,,,,Montserrat
SK,2018-1,2.40909090909,1.10539722209,0.757563368765,1.42401716665,Slovakia
SK,2018-2,1.5,1.46152349305,0.975097143136,1.31220687873,Slovakia
SK,2017-11,2.04545454545,,0.833199807723,1.43932717659,Slovakia
SK,2017-12,2.36363636364,,0.970664291953,1.66715032779,Slovakia
YT,2018-1,,,,,Mayotte
YT,2017-12,,,,,Mayotte
YT,2017-11,,,,,Mayotte
YT,2018-2,,,,,Mayotte
MQ,2018-1,,4.50185946369,,,Martinique
MQ,2017-11,,1.26876718122,,,Martinique
MQ,2018-2,2.86363636364,,,,Martinique
MQ,2017-12,1.63636363636,0.622775800712,,1.12956971854,Martinique
VI,2018-2,,10.189620446,,,U.S. Virgin Islands
VI,2018-1,,,,,U.S. Virgin Islands
VI,2017-11,,,,,U.S. Virgin Islands
VI,2017-12,,1.92506015813,,,U.S. Virgin Islands
MT,2018-1,1.13636363636,8.27226543182,11.0721442886,6.82692445225,Malta
MT,2017-11,0.681818181818,2.58041553588,4.64135021097,2.63452797622,Malta
MT,2017-12,1.59090909091,2.2329596097,8.14317673378,3.9890151448,Malta
MT,2018-2,1.13636363636,15.8646737597,12.16,9.72034579869,Malta
ML,2018-1,,4.85847063794,2.46615087041,3.66231075417,Mali
ML,2018-2,,8.70359723132,11.0465116279,9.87505442961,Mali
ML,2017-12,,1.59226613591,7.87878787879,4.73552700735,Mali
ML,2017-11,,0.864179749388,6.33663366337,3.60040670638,Mali
MK,2018-1,,,,,Macedonia (FYROM)
MK,2018-2,,12.8719267023,,,Macedonia (FYROM)
MK,2017-11,,0.465766185375,0.0264532768997,0.246109731137,Macedonia (FYROM)
MK,2017-12,1.0,3.90243902439,0.0194887939435,1.64064260611,Macedonia (FYROM)
LY,2018-1,0.363636363636,1.90428878953,0.729989694263,0.999304949145,Libya
LY,2017-12,0.590909090909,0.730612670911,1.50849564857,0.943339136797,Libya
LY,2017-11,0.136363636364,0.319335781574,0.923787528868,0.459828982269,Libya
LY,2018-2,1.13636363636,4.66478431822,0.53400786959,2.11171860806,Libya
LA,2018-1,,6.65894614939,0.863821138211,3.7613836438,Laos
LA,2017-11,,1.16686114352,3.27198364008,2.2194223918,Laos
LA,2017-12,,0.849256900212,,,Laos
LA,2018-2,,8.98309918762,1.59395973154,5.28852945958,Laos
XK,2018-1,,2.32323232323,,,Kosovo
XK,2017-12,,0.678952473327,,,Kosovo
XK,2017-11,,,,,Kosovo
XK,2018-2,,,,,Kosovo
KI,2018-1,,7.33886407147,,,Kiribati
KI,2018-2,,,,,Kiribati
KI,2017-12,,,,,Kiribati
KI,2017-11,,,48.0,,Kiribati
BO,2018-2,12.2727272727,12.4010247701,12.6381498158,12.4373006195,Bolivia
BO,2017-12,11.0,1.06151075727,11.7717717718,7.94442750968,Bolivia
BO,2017-11,27.9090909091,0.962278675905,9.37818552497,12.7498517033,Bolivia
BO,2018-1,4.90909090909,2.95873211897,6.24829839368,4.70537380725,Bolivia
JM,2018-1,1.36363636364,6.47639574498,13.7096774194,7.18323650932,Jamaica
JM,2017-12,0.954545454545,1.94337899543,34.0983606557,12.3320950352,Jamaica
JM,2017-11,3.13636363636,1.12485128168,26.3157894737,10.1923347972,Jamaica
JM,2018-2,4.36363636364,12.6041878983,28.6144578313,15.1940940311,Jamaica
HK,2018-1,7.95454545455,5.09375461391,1.78418089877,4.94416032241,Hong Kong
HK,2018-2,5.22727272727,10.0642777922,1.83744855967,5.70966635972,Hong Kong
HK,2017-11,14.6363636364,0.914327512115,2.78796107717,6.11288407522,Hong Kong
HK,2017-12,15.8181818182,1.22291281707,3.62116991643,6.88742151723,Hong Kong
HM,2018-1,,,,,Heard Island & McDonald Islands
HM,2018-2,,,,,Heard Island & McDonald Islands
HM,2017-11,,,,,Heard Island & McDonald Islands
HM,2017-12,,,,,Heard Island & McDonald Islands
GD,2018-1,,6.97486353528,,,Grenada
GD,2017-12,,2.25674091442,,,Grenada
GD,2017-11,,3.01493764561,,,Grenada
GD,2018-2,,12.9820572652,,,Grenada
GI,2018-1,,,9.34065934066,,Gibraltar
GI,2017-11,,6.27352572146,16.1849710983,11.2292484099,Gibraltar
GI,2018-2,,,23.9898989899,,Gibraltar
GI,2017-12,,1.90865712338,8.45528455285,5.18197083811,Gibraltar
SO,2018-2,,11.0222318552,17.5297619048,14.27599688,Somalia
SO,2018-1,,5.15733612378,4.87486965589,5.01610288983,Somalia
SO,2017-11,,1.05972295814,21.7882836588,11.4240033085,Somalia
SO,2017-12,,1.07345499157,12.6700507614,6.87175287649,Somalia
BW,2018-2,,4.75425321608,3.46715328467,4.11070325038,Botswana
BW,2017-11,,0.593912397921,5.76368876081,3.17880057936,Botswana
BW,2017-12,,0.503144654088,8.25396825397,4.37855645403,Botswana
BW,2018-1,,3.20468162185,1.34920634921,2.27694398553,Botswana
GH,2018-1,5.22727272727,2.50481695568,2.90102389078,3.54437119125,Ghana
GH,2017-11,17.6818181818,0.394890121824,6.74157303371,8.27276044578,Ghana
GH,2017-12,8.95454545455,0.669349376469,10.4838709677,6.70258859959,Ghana
GH,2018-2,11.2727272727,4.45260725373,14.6907216495,10.138685392,Ghana
GE,2018-1,,2.2062702841,0.13341704599,1.16984366504,Georgia
GE,2017-11,0.181818181818,0.55652173913,0.235849056604,0.324729659184,Georgia
GE,2018-2,0.818181818182,5.67321491863,0.607416879795,2.36627120553,Georgia
GE,2017-12,,0.963391136802,0.142193054416,0.552792095609,Georgia
PH,2018-2,21.7272727273,3.32805957628,2.85199065119,9.30244098491,Philippines
PH,2018-1,17.7727272727,1.62829500458,3.21125114051,7.53742447261,Philippines
PH,2017-11,12.5454545455,0.245312426437,3.90901896012,5.56659531067,Philippines
PH,2017-12,12.4545454545,0.268165643855,5.01663986838,5.91311698893,Philippines
EE,2018-1,1.59090909091,6.2613430127,0.653238490134,2.83516353125,Estonia
EE,2017-11,0.545454545455,0.743494423792,0.77101002313,0.686652997459,Estonia
EE,2017-12,1.09090909091,,1.05789966229,1.0744043766,Estonia
EE,2018-2,3.86363636364,5.7264175288,0.933736438738,3.50793011039,Estonia
GQ,2018-1,,,,,Equatorial Guinea
GQ,2018-2,,,,,Equatorial Guinea
GQ,2017-11,,,13.7566137566,,Equatorial Guinea
GQ,2017-12,,,5.74585635359,,Equatorial Guinea
DM,2018-1,,9.69237252423,,,Dominica
DM,2017-11,,,,,Dominica
DM,2017-12,,,,,Dominica
DM,2018-2,,13.9709249084,,,Dominica
CW,2018-1,,,,,Curaçao
CW,2018-2,,,,,Curaçao
CW,2017-11,,,,,Curaçao
CW,2017-12,,20.2898550725,,,Curaçao
CR,2018-1,2.77272727273,2.27787926139,2.88653615661,2.64571423024,Costa Rica
CR,2017-11,12.4090909091,0.810898475511,3.95688764211,5.72562567557,Costa Rica
CR,2017-12,4.81818181818,1.48321623731,2.51410153102,2.93849986217,Costa Rica
CR,2018-2,7.27272727273,9.98127816672,3.1376146789,6.79720670612,Costa Rica
CO,2018-1,8.22727272727,8.16798151247,4.80636051906,7.0672049196,Colombia
CO,2017-11,23.0,1.57110866242,9.22763720969,11.266248624,Colombia
CO,2017-12,9.18181818182,1.51909954381,7.47481430247,6.0585773427,Colombia
CO,2018-2,19.7727272727,18.8125707607,9.09458241383,15.8932934824,Colombia
GL,2018-1,,,,,Greenland
GL,2017-11,,,,,Greenland
GL,2018-2,,,,,Greenland
GL,2017-12,,,,,Greenland
GB,2018-2,9.04545454545,12.6268133834,3.7338162762,8.46869473502,United Kingdom
GB,2018-1,10.7727272727,6.41758697232,3.01051529709,6.73360984738,United Kingdom
GB,2017-11,7.81818181818,1.21470392844,3.63383666942,4.22224080535,United Kingdom
GB,2017-12,6.36363636364,1.51932778396,3.6063196223,3.82976125663,United Kingdom
CF,2018-2,,,,,Central African Republic
CF,2017-11,,,5.79710144928,,Central African Republic
CF,2017-12,,,4.12698412698,,Central African Republic
CF,2018-1,,5.4143126177,,,Central African Republic
MY,2018-2,7.59090909091,2.77803509933,3.60452725394,4.65782381473,Malaysia
MY,2017-12,9.59090909091,0.30323789567,4.1119138316,4.66868693939,Malaysia
MY,2017-11,8.54545454545,0.398678067461,3.83030418523,4.25814559938,Malaysia
MY,2018-1,8.63636363636,1.75971669654,3.65247378269,4.68285137187,Malaysia
CZ,2018-1,5.40909090909,4.07599064294,1.50805545148,3.66437900117,Czechia
CZ,2017-11,5.90909090909,0.598892049708,1.80200523891,2.7699960659,Czechia
CZ,2017-12,3.90909090909,1.14491331371,2.04789309403,2.36729910561,Czechia
CZ,2018-2,3.81818181818,9.21708143061,2.12091956797,5.05206093892,Czechia
CV,2017-11,,,7.26392251816,,Cape Verde
CV,2018-1,,1.10978865764,9.30996714129,5.20987789947,Cape Verde
CV,2018-2,,,15.3001464129,,Cape Verde
CV,2017-12,,0.386593490042,10.9655937847,5.67609363736,Cape Verde
NG,2018-1,5.0,2.66869053461,3.77410133204,3.81426395555,Nigeria
NG,2017-11,9.0,0.83122610225,4.33607555463,4.72243388563,Nigeria
NG,2018-2,8.59090909091,5.25826147249,3.99727620132,5.94881558824,Nigeria
NG,2017-12,6.22727272727,0.782972377124,6.22463136837,4.41162549092,Nigeria
AM,2018-2,,9.4814987449,0.555501413118,5.01850007901,Armenia
AM,2017-11,,0.565131393049,1.08511359783,0.825122495439,Armenia
AM,2018-1,,,0.737691037636,,Armenia
AM,2017-12,0.363636363636,0.779727095517,0.753623188406,0.63232888252,Armenia
TC,2018-2,,,,,Turks & Caicos Islands
TC,2017-11,,,,,Turks & Caicos Islands
TC,2018-1,,,,,Turks & Caicos Islands
TC,2017-12,,,,,Turks & Caicos Islands
EH,2018-1,,,,,Western Sahara
EH,2018-2,,,,,Western Sahara
EH,2017-11,,,,,Western Sahara
EH,2017-12,,,,,Western Sahara
GA,2017-12,8.45454545455,6.12021857923,2.33183856502,5.6355341996,Gabon
GA,2017-11,,2.15053763441,4.28571428571,3.21812596006,Gabon
GA,2018-1,4.22727272727,11.2195121951,,7.7233924612,Gabon
GA,2018-2,,32.9419703104,,,Gabon
US,2017-11,16.5,0.864617112624,3.66510809392,7.00990840218,United States
US,2018-1,12.3181818182,4.99002825277,3.39005458377,6.89942155158,United States
US,2018-2,16.5,8.46819476508,3.78301095203,9.58373523904,United States
US,2017-12,13.7727272727,1.69653944425,4.41370619299,6.62765763666,United States
IT,2017-11,4.45454545455,1.58506812099,4.15872910857,3.39944756137,Italy
IT,2018-1,4.18181818182,8.25573449116,3.40921797694,5.28225688331,Italy
IT,2018-2,4.59090909091,17.4966365232,4.40140589372,8.82965050259,Italy
IT,2017-12,3.09090909091,1.68061149961,4.07457983193,2.94870014082,Italy
AL,2017-11,,0.528122524426,0.238000793336,0.383061658881,Albania
AL,2018-1,4.31818181818,7.4928329424,0.0777391622462,3.96291797428,Albania
AL,2018-2,,12.2945968747,,,Albania
AL,2017-12,1.18181818182,1.89701897019,0.0845941109484,1.05447708765,Albania
TG,2018-2,,29.5583204674,18.6274509804,24.0928857239,Togo
TG,2017-11,,,5.40540540541,,Togo
TG,2017-12,,,5.30612244898,,Togo
TG,2018-1,,,8.85416666667,,Togo
HN,2018-1,8.09090909091,3.67947669665,5.8077740662,5.85938661792,Honduras
HN,2017-12,5.45454545455,1.20306716023,5.4996353027,4.05241597249,Honduras
HN,2018-2,18.8181818182,15.1274304749,3.23422605538,12.3932794495,Honduras
HN,2017-11,13.9545454545,0.971309025702,4.34467776973,6.42351074999,Honduras
FM,2018-1,,,6.85663693599,,Micronesia
FM,2017-11,,100.0,5.27261833433,52.6363091672,Micronesia
FM,2018-2,,,5.7976620251,,Micronesia
FM,2017-12,,100.0,6.60508083141,53.3025404157,Micronesia
IQ,2017-11,0.409090909091,0.185704469907,,0.297397689499,Iraq
IQ,2018-2,0.590909090909,1.27118037248,,0.931044731692,Iraq
IQ,2017-12,0.681818181818,0.105475298062,0.955882352941,0.58105861094,Iraq
IQ,2018-1,0.772727272727,,,,Iraq
ES,2018-1,10.1818181818,9.9372575382,4.98112629517,8.36673400506,Spain
ES,2017-11,10.7272727273,1.88814375936,5.36254776442,5.99265475035,Spain
ES,2018-2,10.1363636364,25.7816807836,6.13508793993,14.0177107866,Spain
ES,2017-12,9.13636363636,2.64905606202,6.54877742821,6.1113990422,Spain
VU,2017-11,,,33.8983050847,,Vanuatu
VU,2018-2,,,30.4,,Vanuatu
VU,2017-12,,,48.6699507389,,Vanuatu
VU,2018-1,,,18.2343234323,,Vanuatu
AU,2017-11,15.8181818182,2.24029392656,5.79198780005,7.95015451493,Australia
AU,2018-1,4.09090909091,12.20746194,4.7107631253,7.00304471873,Australia
AU,2017-12,5.72727272727,3.40592946466,6.87023606042,5.33447941745,Australia
AU,2018-2,11.6818181818,26.2171997831,5.40369314192,14.4342370356,Australia
TR,2017-12,2.04545454545,0.370201381256,1.25438143306,1.22334578659,Turkey
TR,2017-11,2.90909090909,0.37055264453,1.42338369756,1.56767575039,Turkey
TR,2018-2,2.72727272727,4.86087463882,0.827300930714,2.80514943227,Turkey
TR,2018-1,2.04545454545,1.35678227975,0.95684138648,1.45302607056,Turkey
BZ,2017-11,4.54545454545,0.81506235227,0.15665591833,1.83905760535,Belize
BZ,2018-1,,8.6437280775,0.12236084453,4.38304446102,Belize
BZ,2017-12,4.54545454545,1.37468292284,0.273574326102,2.06457059813,Belize
BZ,2018-2,9.0,7.53639296686,0.144323797035,5.5602389213,Belize
IN,2017-12,6.59090909091,0.807099747938,4.29804560261,3.89868481382,India
IN,2017-11,6.68181818182,0.547414016188,3.86860759346,3.69927993049,India
IN,2018-1,7.45454545455,3.88543985713,3.57205640602,4.97068057256,India
IN,2018-2,6.86363636364,5.81731565796,3.97868793187,5.55321331782,India
AI,2018-2,,,9.40594059406,,Anguilla
AI,2017-11,,1.02827763496,8.98876404494,5.00852083995,Anguilla
AI,2017-12,,1.61569532602,18.2456140351,9.93065468056,Anguilla
AI,2018-1,,6.23306233062,4.88505747126,5.55905990094,Anguilla
UA,2017-11,4.36363636364,0.293847566575,0.882951326865,1.84681175236,Ukraine
UA,2017-12,4.04545454545,0.875486381323,0.8258066934,1.91558254006,Ukraine
UA,2018-2,2.95454545455,6.1329423928,0.74620601162,3.27789795299,Ukraine
UA,2018-1,2.63636363636,1.75552417662,0.77245074773,1.72144618691,Ukraine
SH,2017-11,4.31818181818,,,,St. Helena
SH,2018-2,4.86363636364,,,,St. Helena
SH,2017-12,7.86363636364,,,,St. Helena
SH,2018-1,2.04545454545,,,,St. Helena
RW,2017-11,,3.17863954228,,,Rwanda
RW,2018-2,1.40909090909,10.1730586899,,5.79107479951,Rwanda
RW,2017-12,,1.8861569552,,,Rwanda
RW,2018-1,2.13636363636,10.7376283847,,6.43699601053,Rwanda
CH,2017-11,8.09090909091,2.6021943878,2.62295710153,4.43868686008,Switzerland
CH,2017-12,7.18181818182,2.04172574438,2.57812197054,3.93388863225,Switzerland
CH,2018-1,5.63636363636,8.05463141306,2.36151675995,5.35083726979,Switzerland
CH,2018-2,9.0,20.4472859193,2.39047132456,10.612585748,Switzerland
IL,2018-2,2.86363636364,10.1479054095,0.106092567316,4.37254478017,Israel
IL,2018-1,3.68181818182,4.540668597,0.0395716945996,2.75401949114,Israel
IL,2017-11,3.13636363636,0.530328140537,0.731386220684,1.46602599919,Israel
IL,2017-12,2.5,0.989272178326,0.144400686661,1.21122428833,Israel
ET,2017-11,29.8636363636,1.24223602484,54.5454545455,28.5504423113,Ethiopia
ET,2018-2,18.6363636364,8.40977407991,100.0,42.3487125721,Ethiopia
ET,2017-12,33.6363636364,2.56880733945,100.0,45.4017236586,Ethiopia
ET,2018-1,33.5454545455,13.3101851852,100.0,48.9518799102,Ethiopia
BF,2018-2,2.45454545455,15.9973785533,4.89690721649,7.78294374144,Burkina Faso
BF,2018-1,0.681818181818,5.59338521401,,3.13760169791,Burkina Faso
BF,2017-11,,1.79613830265,4.25531914894,3.02572872579,Burkina Faso
BF,2017-12,0.363636363636,1.27041742287,4.92890995261,2.1876545797,Burkina Faso
GU,2017-12,,,,,Guam
GU,2018-1,,8.70552611658,4.72222222222,6.7138741694,Guam
GU,2017-11,,1.414427157,12.3076923077,6.86105973235,Guam
GU,2018-2,,22.4940677771,9.3137254902,15.9038966336,Guam
AD,2017-11,4.54545454545,,0.593471810089,2.56946317777,Andorra
AD,2018-2,,,0.646258503401,,Andorra
AD,2017-12,,,1.87454938717,,Andorra
AD,2018-1,,8.77192982456,1.01431980907,4.89312481682,Andorra
GY,2018-1,,6.17283950617,27.868852459,17.0208459826,Guyana
GY,2017-11,4.54545454545,1.15008625647,33.1288343558,12.9414583859,Guyana
GY,2018-2,,,,,Guyana
GY,2017-12,8.5,3.32147093713,26.3291139241,12.7168616204,Guyana
KN,2018-2,,,,,St. Kitts & Nevis
KN,2018-1,,,,,St. Kitts & Nevis
KN,2017-11,,,,,St. Kitts & Nevis
KN,2017-12,,,,,St. Kitts & Nevis
SG,2018-1,8.54545454545,5.77460770328,2.19100776046,5.50369000307,Singapore
SG,2017-12,6.90909090909,1.26706865928,2.69907085137,3.62507680658,Singapore
SG,2017-11,10.7727272727,0.902546943448,2.47798114013,4.71775178544,Singapore
SG,2018-2,8.09090909091,14.0335747959,3.03174734748,8.38541041143,Singapore
ZW,2018-1,5.45454545455,7.66666666667,7.88026398492,7.00049203538,Zimbabwe
ZW,2017-11,7.18181818182,0.349040139616,7.55244755245,5.02776862463,Zimbabwe
ZW,2018-2,11.5909090909,14.5451836955,6.58646003263,10.9075176063,Zimbabwe
ZW,2017-12,1.54545454545,1.31977644603,10.4495912807,4.43827409071,Zimbabwe
PF,2018-1,,24.8648648649,7.6714801444,16.2681725046,French Polynesia
PF,2018-2,,73.4190540642,7.91666666667,40.6678603654,French Polynesia
PF,2017-12,,3.26721120187,7.32394366197,5.29557743192,French Polynesia
PF,2017-11,,2.12539851222,14.440433213,8.28291586261,French Polynesia
GT,2018-2,21.0909090909,14.7233343135,12.8507014028,16.2216482691,Guatemala
GT,2017-11,11.2272727273,0.67086284801,5.77200577201,5.89004711576,Guatemala
GT,2017-12,2.86363636364,1.56188665992,16.6111111111,7.01221137822,Guatemala
GT,2018-1,12.3181818182,3.30531005245,6.21799561083,7.28049582715,Guatemala
CU,2018-2,0.409090909091,9.82339222942,15.1674454829,8.46664287379,Cuba
CU,2017-11,,1.30757800892,15.3846153846,8.34609669677,Cuba
CU,2017-12,,1.54392844014,24.7683147813,13.1561216107,Cuba
CU,2018-1,1.09090909091,5.30351069349,16.1353868195,7.50993553463,Cuba
KP,2017-11,,,,,North Korea
KP,2017-12,,0.787844682048,,,North Korea
KP,2018-2,,,,,North Korea
KP,2018-1,,,,,North Korea
DO,2018-2,14.6818181818,9.2924101832,7.98441320293,10.6528805227,Dominican Republic
DO,2017-11,26.6818181818,1.35373553334,7.23065798988,11.7554039017,Dominican Republic
DO,2018-1,12.0,6.1918994352,7.63701707098,8.60963883539,Dominican Republic
DO,2017-12,16.4545454545,1.62844533647,10.0508646999,9.3779518303,Dominican Republic
IR,2018-1,3.18181818182,0.772317456053,3.46058079775,2.47157214521,Iran
IR,2017-11,3.40909090909,0.495796993667,3.57679636855,2.4938947571,Iran
IR,2018-2,2.04545454545,4.04275727861,3.76620836395,3.28480672934,Iran
IR,2017-12,3.27272727273,0.527141512394,4.75969907066,2.85318928526,Iran
BH,2017-11,,0.142419710888,,,Bahrain
BH,2018-2,,,,,Bahrain
BH,2018-1,0.136363636364,0.80105879075,,0.468711213557,Bahrain
BH,2017-12,0.136363636364,0.0960911493188,,0.116227392841,Bahrain
PR,2017-11,3.18181818182,0.351490417004,5.18582541054,2.90637800312,Puerto Rico
PR,2018-2,10.9090909091,6.15672868615,6.99901768173,8.02161242566,Puerto Rico
PR,2018-1,4.86363636364,0.955440471905,6.4979978158,4.10569155045,Puerto Rico
PR,2017-12,3.31818181818,0.515683765655,7.53033268102,3.78806608828,Puerto Rico
TH,2018-2,4.68181818182,4.23096745995,2.07450757741,3.66243107306,Thailand
TH,2017-11,4.13636363636,0.261168942778,1.65797822309,2.01850360074,Thailand
TH,2018-1,3.90909090909,6.79299727498,1.38540621866,4.02916480091,Thailand
TH,2017-12,3.90909090909,0.719371456746,1.89140479077,2.1732890522,Thailand
TW,2017-11,5.54545454545,0.465032164725,0.564902869219,2.19179652647,Taiwan
TW,2018-2,3.27272727273,3.86845969219,0.388014258132,2.50973374102,Taiwan
TW,2018-1,4.72727272727,2.83080794267,0.435786720852,2.6646224636,Taiwan
TW,2017-12,5.31818181818,0.351776471179,0.662141431966,2.11069990711,Taiwan
KM,2017-11,,,,,Comoros
KM,2017-12,,,,,Comoros
KM,2018-1,,,,,Comoros
KM,2018-2,,,,,Comoros
KG,2018-1,3.22727272727,7.56578947368,3.15714285714,4.6500683527,Kyrgyzstan
KG,2017-12,9.09090909091,2.10447200301,2.49967519813,4.56501876401,Kyrgyzstan
KG,2017-11,5.90909090909,0.789889415482,2.96662546354,3.22186859604,Kyrgyzstan
KG,2018-2,2.59090909091,9.19761110797,5.07774538387,5.62208852758,Kyrgyzstan
ID,2017-11,6.54545454545,0.393216068412,2.82453062048,3.25440041145,Indonesia
ID,2017-12,5.77272727273,0.429407694178,3.20039633391,3.13417710027,Indonesia
ID,2018-1,5.5,1.99463923941,2.16845630013,3.22103184651,Indonesia
ID,2018-2,8.81818181818,2.8741654794,2.45436005144,4.71556911634,Indonesia
BN,2018-2,,6.30627139443,3.53159851301,4.91893495372,Brunei
BN,2017-11,,,3.34728033473,,Brunei
BN,2018-1,,,3.64806866953,,Brunei
BN,2017-12,,,4.5786163522,,Brunei
KH,2017-12,2.18181818182,1.85676392573,,2.01929105377,Cambodia
KH,2017-11,1.68181818182,0.267701780217,,0.974759981018,Cambodia
KH,2018-2,0.772727272727,,,,Cambodia
KH,2018-1,0.545454545455,3.46124905944,0.602836879433,1.53651349478,Cambodia
SL,2017-12,,5.70652173913,,,Sierra Leone
SL,2018-1,,7.84447476126,,,Sierra Leone
SL,2017-11,,1.5015015015,,,Sierra Leone
SL,2018-2,,,,,Sierra Leone
IE,2018-1,4.63636363636,6.67024163894,4.18491639758,5.16384055763,Ireland
IE,2017-11,6.09090909091,1.92861941188,6.15591397849,4.72514749376,Ireland
IE,2017-12,9.40909090909,1.90285312784,5.65806925147,5.65667109614,Ireland
IE,2018-2,5.5,14.2864010802,5.74495220899,8.51045109641,Ireland
